experiment_id,device_id,aging_stage,collector_voltage_v,collector_current_a,gate_voltage_v,gate_current_ma,junction_temp_c,case_temp_c,thermal_resistance,power_loss_w,switching_energy_uj,on_state_resistance_mohm,turn_on_time_us,turn_off_time_us,supply_voltage_v
EXP_01,Device 2,early,3.1,1.2,0.82,14.2,42.0,31.0,0.82,5.8,18.0,22.0,0.72,0.91,12.0
EXP_02,Device 2,early,3.115,1.23,0.8155,14.26,42.85,31.55,0.8425,5.92,18.35,22.4,0.732,0.925,12.02
EXP_03,Device 2,mid,3.13,1.26,0.811,14.32,43.7,32.1,0.865,6.04,18.7,22.8,0.744,0.94,12.04
EXP_04,Device 3,mid,3.145,1.29,0.8065,14.38,44.55,32.65,0.8875,6.16,19.05,23.2,0.756,0.955,12.0
EXP_05,Device 3,mid,3.16,1.32,0.802,14.44,45.4,33.2,0.91,6.28,19.4,23.6,0.768,0.97,12.02
EXP_06,Device 3,late,3.175,1.35,0.7975,14.5,46.25,33.75,0.9325,6.4,19.75,24.0,0.78,0.985,12.04
EXP_07,Device 4,early,3.19,1.38,0.793,14.56,47.1,34.3,0.955,6.52,20.1,24.4,0.792,1.0,12.0
EXP_08,Device 4,early,3.205,1.41,0.7885,14.62,47.95,34.85,0.9775,6.64,20.45,24.8,0.804,1.015,12.02
EXP_09,Device 4,mid,3.22,1.44,0.784,14.68,48.8,35.4,1.0,6.76,20.8,25.2,0.816,1.03,12.04
EXP_10,Device 5,mid,3.235,1.47,0.7795,14.74,49.65,35.95,1.0225,6.88,21.15,25.6,0.828,1.045,12.0
EXP_11,Device 5,mid,3.25,1.5,0.775,14.8,50.5,36.5,1.045,7.0,21.5,26.0,0.84,1.06,12.02
EXP_12,Device 5,late,3.265,1.53,0.7705,14.86,51.35,37.05,1.0675,7.12,21.85,26.4,0.852,1.075,12.04
